{
  "parent": "block/block",
  "textures": {
    "particle": "#all"
  },
  "elements": [
    {
      "from": [
        0,
        0,
        0
      ],
      "to": [
        16,
        16,
        16
      ],
      "faces": {
        "down": {
          "uv": [
            0,
            0,
            16,
            16
          ],
          "texture": "#all",
          "tintindex": 0,
          "cullface": "down"
        },
        "north": {
          "uv": [
            0,
            0,
            16,
            16
          ],
          "texture": "#all",
          "tintindex": 0,
          "cullface": "north"
        },
        "south": {
          "uv": [
            0,
            0,
            16,
            16
          ],
          "texture": "#all",
          "tintindex": 0,
          "cullface": "south"
        },
        "west": {
          "uv": [
            0,
            0,
            16,
            16
          ],
          "texture": "#all",
          "tintindex": 0,
          "cullface": "west"
        },
        "east": {
          "uv": [
            0,
            0,
            16,
            16
          ],
          "texture": "#all",
          "tintindex": 0,
          "cullface": "east"
        }
      }
    },
    {
      "from": [
        -0.01,
        15.99,
        -0.01
      ],
      "to": [
        16.01,
        21.01,
        16.01
      ],
      "faces": {
        "north": {
          "uv": [
            0,
            11,
            16,
            16
          ],
          "texture": "#all",
          "cullface": "up",
          "tintindex": 0
        },
        "east": {
          "uv": [
            0,
            11,
            16,
            16
          ],
          "texture": "#all",
          "cullface": "up",
          "tintindex": 0
        },
        "south": {
          "uv": [
            0,
            11,
            16,
            16
          ],
          "texture": "#all",
          "cullface": "up",
          "tintindex": 0
        },
        "west": {
          "uv": [
            0,
            11,
            16,
            16
          ],
          "texture": "#all",
          "cullface": "up",
          "tintindex": 0
        },
        "up": {
          "uv": [
            0,
            0,
            16,
            16
          ],
          "texture": "#all",
          "cullface": "up",
          "tintindex": 0
        }
      }
    }
  ]
}
