{
  "variants": {
    "": [
      {
        "model": "atmospheric:block/yucca_leaves",
        "x": 0,
        "y": 0
      },
      {
        "model": "atmospheric:block/yucca_leaves",
        "x": 0,
        "y": 90
      },
      {
        "model": "atmospheric:block/yucca_leaves",
        "x": 0,
        "y": 180
      },
      {
        "model": "atmospheric:block/yucca_leaves",
        "x": 0,
        "y": 270
      },
      {
        "model": "atmospheric:block/yucca_leaves",
        "x": 90,
        "y": 0
      },
      {
        "model": "atmospheric:block/yucca_leaves",
        "x": 90,
        "y": 90
      },
      {
        "model": "atmospheric:block/yucca_leaves",
        "x": 90,
        "y": 180
      },
      {
        "model": "atmospheric:block/yucca_leaves",
        "x": 90,
        "y": 270
      },
      {
        "model": "atmospheric:block/yucca_leaves",
        "x": 180,
        "y": 0
      },
      {
        "model": "atmospheric:block/yucca_leaves",
        "x": 180,
        "y": 90
      },
      {
        "model": "atmospheric:block/yucca_leaves",
        "x": 180,
        "y": 180
      },
      {
        "model": "atmospheric:block/yucca_leaves",
        "x": 180,
        "y": 270
      },
      {
        "model": "atmospheric:block/yucca_leaves",
        "x": 270,
        "y": 0
      },
      {
        "model": "atmospheric:block/yucca_leaves",
        "x": 270,
        "y": 90
      },
      {
        "model": "atmospheric:block/yucca_leaves",
        "x": 270,
        "y": 180
      },
      {
        "model": "atmospheric:block/yucca_leaves",
        "x": 270,
        "y": 270
      }
    ]
  }
}
